<application>
  <component name="libraryTable">
    <library name="Vue.js" type="javaScript">
      <CLASSES>
        <root url="file://D:/code/xampp/htdocs/test/vuetest/Vue.js" />
      </CLASSES>
      <SOURCES />
    </library>
    <library name="Vuex.js" type="javaScript">
      <properties>
        <sourceFilesUrls>
          <item url="file://D:/code/xampp/htdocs/test/vuetest/Vuex.js" />
        </sourceFilesUrls>
      </properties>
      <CLASSES>
        <root url="file://D:/code/xampp/htdocs/test/vuetest/Vuex.js" />
      </CLASSES>
      <SOURCES />
    </library>
  </component>
</application>