<application>
  <component name="ProjectManager">
    <defaultProject>
      <component name="ProjectModuleManager">
        <modules />
      </component>
      <component name="PropertiesComponent">
        <property name="nodejs_interpreter_path.stuck_in_default_project" value="undefined stuck path" />
        <property name="nodejs_npm_path_reset_for_default_project" value="true" />
        <property name="settings.editor.selected.configurable" value="configurable.group.language" />
      </component>
      <component name="RunManager">
        <list size="0" />
      </component>
    </defaultProject>
  </component>
</application>