<application>
  <component name="WebServers">
    <option name="servers">
      <webServer id="65226d5d-3904-4ba8-9e72-4c6dc162f776" name="60.100" url="http://192.168.60.100">
        <fileTransfer host="192.168.60.100" port="22" accessType="SFTP" password="dfd8dfd0dfd2df8bdfeadf8bdf80" username="root">
          <advancedOptions>
            <advancedOptions dataProtectionLevel="Private" />
          </advancedOptions>
        </fileTransfer>
      </webServer>
      <webServer id="bf74e6ae-6434-40d9-bd59-8b80a16f9ed7" name="60.4" url="http://192.168.60.4">
        <fileTransfer host="192.168.60.4" port="22" accessType="SFTP" password="dfd8dfd0dfd2df8bdfeadf8bdf80" username="root">
          <advancedOptions>
            <advancedOptions dataProtectionLevel="Private" />
          </advancedOptions>
        </fileTransfer>
      </webServer>
    </option>
    <sftpAdvancedGlobalOptions>
      <SftpAdvancedOptions />
    </sftpAdvancedGlobalOptions>
  </component>
</application>